Name,Alignment,Deified As:,Celestial Bureau,Death Described?,Different from Shu Edition?,"Deified in-story, but missing in Chapter 99?","Listed in Chapter 99, Absent from story?"
Bai Jian (°Ø¼ø),Unaligned,Qingfu God,Qingfu God,TRUE,FALSE,FALSE,FALSE
Huang Tianhua (»ÆÌì»¯),Chan,Prince Bingling of the Three Sacred Mountains,Three Mountains and Five Mounts,TRUE,FALSE,FALSE,FALSE
Huang Feihu (»Æ·É»¢),Zhou,God of East Mount,Three Mountains and Five Mounts,TRUE,FALSE,FALSE,FALSE
Chong Heihu (³çºÚ»¢),Ex-Jie,God of South Mount,Three Mountains and Five Mounts,TRUE,FALSE,FALSE,FALSE
Wen Pin (ÎÅÆ¸),Zhou,God of Central Mount,Three Mountains and Five Mounts,TRUE,FALSE,FALSE,FALSE
Cui Ying (´ÞÓ¢),Zhou,God of North Mount,Three Mountains and Five Mounts,TRUE,FALSE,FALSE,FALSE
Jiang Xiong (½¯ÐÛ),Zhou,God of West Mount,Three Mountains and Five Mounts,TRUE,FALSE,FALSE,FALSE
Wen Zhong (ÎÅÖÙ),Jie,Heavenly Venerable of the Nine Heavenly Thunders,Thunder Bureau ,TRUE,FALSE,FALSE,FALSE
Deng Zhong (µËÖÒ),Shang,Celestial Lord Deng,Thunder Bureau ,TRUE,FALSE,FALSE,FALSE
Xin Huan (ÐÁ»·),Shang,Celestial Lord Xin,Thunder Bureau ,TRUE,FALSE,FALSE,FALSE
Zhang Jie (ÕÅ½Ú),Shang,Celestial Lord Zhang,Thunder Bureau ,TRUE,FALSE,FALSE,FALSE
Tao Rong (ÌÕÈÙ),Shang,Celestial Lord Tao,Thunder Bureau ,TRUE,FALSE,FALSE,FALSE
Pang Hong (ÅÓºé),Shang,Celestial Lord Pang,Thunder Bureau ,TRUE,FALSE,FALSE,FALSE
Liu Fu (Áõ¸¦),Shang,Celestial Lord Liu,Thunder Bureau ,TRUE,FALSE,FALSE,FALSE
Gou Zhang (¹¶ÕÂ),Shang,Celestial Lord Gou,Thunder Bureau ,TRUE,FALSE,FALSE,FALSE
Bi Huan (±Ï»·),Shang,Celestial Lord Bi,Thunder Bureau ,TRUE,FALSE,FALSE,FALSE
Qin Wan (ÇØÍê),Jie,Celestial Lord Qin,Thunder Bureau ,TRUE,FALSE,FALSE,FALSE
Zhao Jiang (ÕÔ½­),Jie,Celestial Lord Zhao,Thunder Bureau ,TRUE,FALSE,FALSE,FALSE
Dong Quan (¶­È«),Jie,Celestial Lord Dong,Thunder Bureau ,TRUE,FALSE,FALSE,FALSE
Yuan Jiao (Ô¬½Ç),Jie,Celestial Lord Yuan,Thunder Bureau ,TRUE,FALSE,FALSE,FALSE
Li De (ÀîµÂ),10k Formation,Celestial Lord Li,Thunder Bureau ,FALSE,FALSE,FALSE,TRUE
Sun Liang (ËïÁ¼),Jie,Celestial Lord Sun,Thunder Bureau ,TRUE,FALSE,FALSE,FALSE
Bai Li (°ØÀñ),Jie,Celestial Lord Bai,Thunder Bureau ,TRUE,FALSE,FALSE,FALSE
Wang Bian (Íõ±ä),Jie,Celestial Lord Wang,Thunder Bureau ,TRUE,FALSE,FALSE,FALSE
Yao Bin (Ò¦±ö),Jie,Celestial Lord Yao,Thunder Bureau ,TRUE,FALSE,FALSE,FALSE
Zhang Shao (ÕÅÉÜ),Jie,Celestial Lord Zhang,Thunder Bureau ,TRUE,FALSE,FALSE,FALSE
Huang Geng (»Æ¸ý),10k Formation,Celestial Lord Huang,Thunder Bureau ,FALSE,FALSE,FALSE,TRUE
Jin Su (½ðËØ),10k Formation,Celestial Lord Jin,Thunder Bureau ,FALSE,FALSE,FALSE,TRUE
Ji Li (¼ªÁ¢),Jie,Celestial Lord Ji,Thunder Bureau ,TRUE,FALSE,FALSE,FALSE
Yu Qing (ÓàÇì),Jie,Celestial Lord Yu,Thunder Bureau ,TRUE,FALSE,FALSE,FALSE
Mother of Golden Light (½ð¹âÊ¥Ä¸),Jie,Lighting God,Thunder Bureau ,TRUE,FALSE,FALSE,FALSE
Celestial Lotus Immortal (ÝÕÖ¥ÏÉ),Jie,Wind Assisting God,Thunder Bureau ,TRUE,FALSE,FALSE,FALSE
Luo Xuan (ÂÞÐû),Jie,Star Lord of Fiery Virtues,Fire Bureau,TRUE,FALSE,FALSE,FALSE
Zhu Zhao (ÖìÕÐ),Jie,Fire Tiger Mansion,Fire Bureau (Lunar Mansion),TRUE,FALSE,FALSE,FALSE
Gao Zhen (¸ßÕð),Jie,Fire Pig Mansion,Fire Bureau (Lunar Mansion),TRUE,FALSE,FALSE,FALSE
Fang Gui (·½¹ó),Jie,Fire Monkey Mansion,Fire Bureau (Lunar Mansion),TRUE,FALSE,FALSE,FALSE
Wang Jiao (ÍõòÔ),Jie,Fire Snake Mansion,Fire Bureau (Lunar Mansion),TRUE,FALSE,FALSE,FALSE
Liu Huan (Áõ»·),Jie,Fire-Fetching Celestial Lord,Fire Bureau (Lunar Mansion),TRUE,FALSE,FALSE,FALSE
L¨¹ Yue (ÂÀÔÀ),Jie,Plague Emperor Haotian,Plague Bureau,TRUE,FALSE,FALSE,FALSE
Zhou Xin (ÖÜÐÅ),Jie,Plague Emissary of the East,Plague Bureau,TRUE,FALSE,FALSE,FALSE
Li Qi (ÀîÆæ),Jie,Plague Emissary of the South,Plague Bureau,TRUE,FALSE,FALSE,FALSE
Zhu Tianlin (ÖìÌì÷ë),Jie,Plague Emissary of the West,Plague Bureau,TRUE,FALSE,FALSE,FALSE
Yang Wenhui (ÑîÎÄ»Ô),Jie,Plague Emissary of the North,Plague Bureau,TRUE,FALSE,FALSE,FALSE
Chen Geng (³Â¸ý),Jie,Master of Benevolence,Plague Bureau,TRUE,FALSE,FALSE,FALSE
Li Ping (ÀîÆ½),Jie,Daoist of Plague Pacification,Plague Bureau,TRUE,TRUE,FALSE,FALSE
Mother of Golden Spirit (½ðÁéÊ¥Ä¸),Jie,Dipper Mother,Dipper Mansion,TRUE,FALSE,FALSE,FALSE
Boyi Kao (²®ÒØ¿¼),King Zhou Victim,Emperor Ziwei of the Central Sky and North Pole,Dipper Mansion,TRUE,FALSE,FALSE,FALSE
Su Hu (ËÕ»¤),Zhou,East Dipper Official,Dipper Mansion,TRUE,FALSE,FALSE,FALSE
Jin Kui (½ð¿ü),Shang,East Dipper Official,Dipper Mansion,TRUE,FALSE,FALSE,FALSE
Ji Shuming (¼§ÊåÃ÷),Zhou,East Dipper Official,Dipper Mansion,TRUE,TRUE,FALSE,FALSE
Zhao Bing (ÕÔ±û),Zhou,East Dipper Official,Dipper Mansion,TRUE,FALSE,FALSE,FALSE
Huang Tianlu (»ÆÌìÂ»),Zhou,West Dipper Official,Dipper Mansion,FALSE,FALSE,FALSE,FALSE
Long Huan (Áú»·),Zhou,West Dipper Official,Dipper Mansion,FALSE,FALSE,FALSE,FALSE
Sun Ziyu (Ëï×ÓÓð),Zhou,West Dipper Official,Dipper Mansion,TRUE,FALSE,FALSE,FALSE
Hu Sheng (ºú•N),Shang,West Dipper Official,Dipper Mansion,TRUE,FALSE,FALSE,FALSE
Hu Yunpeng (ºúÔÆÅô),Shang,West Dipper Official,Dipper Mansion,TRUE,FALSE,FALSE,FALSE
Lu Renjie (Â³ÈÊ½Ü),Shang,Central Dipper Official,Dipper Mansion,TRUE,FALSE,FALSE,FALSE
Chao Lei (êËÀ×),Zhou,Central Dipper Official,Dipper Mansion,FALSE,FALSE,FALSE,FALSE
Ji Shusheng (¼§Êå•N),Zhou,Central Dipper Official,Dipper Mansion,TRUE,TRUE,FALSE,FALSE
Zhou Ji (ÖÜ¼Í),Zhou,Southern Dipper Official,Dipper Mansion,FALSE,FALSE,FALSE,FALSE
Hu Lei (ºúÀ×),Jie,Southern Dipper Official,Dipper Mansion,TRUE,FALSE,FALSE,FALSE
Gao Gui (¸ß¹ó),Shang,Southern Dipper Official,Dipper Mansion,TRUE,FALSE,FALSE,FALSE
Yu Cheng (Óà³É),Shang,Southern Dipper Official,Dipper Mansion,TRUE,FALSE,FALSE,FALSE
Sun Bao (Ëï±¦),Shang,Southern Dipper Official,Dipper Mansion,TRUE,FALSE,FALSE,FALSE
Lei Kun (À×ûd),Shang,Southern Dipper Official,Dipper Mansion,TRUE,FALSE,FALSE,FALSE
Huang Tianxiang (»ÆÌìÏé),Zhou,North Dipper - Tiangang,Dipper Mansion,TRUE,FALSE,FALSE,FALSE
Bi Gan (±È¸É),King Zhou Victim,North Dipper - Wenqu,Dipper Mansion,TRUE,FALSE,FALSE,FALSE
Dou Rong (ñ¼ÈÙ),Shang,North Dipper - Wuqu,Dipper Mansion,TRUE,TRUE,FALSE,FALSE
Han Sheng (º«•N),Jie,North Dipper - Zuofu,Dipper Mansion,TRUE,FALSE,FALSE,FALSE
Han Bian (º«±ä),Jie,North Dipper - Youbi,Dipper Mansion,TRUE,FALSE,FALSE,FALSE
Su Quanzhong (ËÕÈ«ÖÒ),Zhou,North Dipper - Pojun,Dipper Mansion,TRUE,FALSE,FALSE,FALSE
E Shun (¶õË³),Zhou,North Dipper - Tanlang,Dipper Mansion,TRUE,FALSE,FALSE,FALSE
Guo Chen (¹ùå·),Shang,North Dipper - Jumen,Dipper Mansion,TRUE,FALSE,FALSE,FALSE
Dong Zhong (¶­ÖÒ),Shang,North Dipper - Zhaoyao,Dipper Mansion,TRUE,FALSE,FALSE,FALSE
Deng Jiugong (µË¾Å¹«),Zhou,Qinglong Star,Stellar Gods,TRUE,FALSE,FALSE,FALSE
Yin Chengxiu (Òó³ÉÐã),shang,Baihu Star,Stellar Gods,TRUE,FALSE,FALSE,FALSE
Ma Fang (Âí·½),Shang,Zhuque Star,Stellar Gods,TRUE,FALSE,FALSE,FALSE
Xu Kun (ÐìÀ¤),Shang,Xuanwu Star,Stellar Gods,TRUE,FALSE,FALSE,FALSE
Lei Peng (À×Åô),Shang,Gouchen Star,Stellar Gods,TRUE,TRUE,FALSE,FALSE
Zhang Shan (ÕÅÉ½),Shang,Tengshe Star,Stellar Gods,TRUE,FALSE,FALSE,FALSE
Xu Gai (Ðì¸Ç),Zhou,Taiyang Star,Stellar Gods,FALSE,FALSE,FALSE,FALSE
Queen Jiang (½ªÊÏæûºó),King Zhou Victim,Taiyin Star,Stellar Gods,TRUE,FALSE,FALSE,FALSE
Shang Rong (ÉÌÈÝ),King Zhou Victim,Yutang Star,Stellar Gods,TRUE,FALSE,FALSE,FALSE
Ji Shuqian (¼§ÊåÇ¬),Zhou,Tiangui Star,Stellar Gods,TRUE,FALSE,FALSE,FALSE
Hong Jin (ºé½õ),Ex-Jie,Longde Star,Stellar Gods,TRUE,FALSE,FALSE,FALSE
Princess Longji (Áú¼ª¹«Ö÷),Chan,Hongluan Star,Stellar Gods,TRUE,FALSE,FALSE,FALSE
King Zhou (æûÍõÌì×Ó),Shang,Tianxi Star,Stellar Gods,TRUE,FALSE,FALSE,FALSE
Meibo (Ã·²®),King Zhou Victim,Tiande Star,Stellar Gods,TRUE,FALSE,FALSE,FALSE
Xia Zhao (ÏÄÕÐ),King Zhou Victim,Yuede Star,Stellar Gods,TRUE,FALSE,FALSE,FALSE
Zhao Qi (ÕÔÆô),King Zhou Victim,Tianshe Star,Stellar Gods,TRUE,FALSE,FALSE,FALSE
Lady Jia (¼ÖÊÏ),King Zhou Victim,Maoduan Star,Stellar Gods,TRUE,FALSE,FALSE,FALSE
Xiao Zhen (ÏôÕé),Chan,Jinfu Star,Stellar Gods,TRUE,TRUE,FALSE,FALSE
Deng Hua (µË»ª),Chan,Mufu Star,Stellar Gods,TRUE,TRUE,FALSE,FALSE
Yu Yuan (ÓàÔª),Jie,Shuifu Star,Stellar Gods,TRUE,TRUE,FALSE,FALSE
Mother of Flame Spirit (»ðÁéÊ¥Ä¸),Jie,Huofu Star,Stellar Gods,TRUE,TRUE,FALSE,FALSE
Tu Xingsun (ÍÁÐÐËï),Chan,Tufu Star,Stellar Gods,TRUE,FALSE,FALSE,FALSE
Deng Chanyu (µËæ¿Óñ),Zhou,Liuhe Star,Stellar Gods,TRUE,FALSE,FALSE,FALSE
Du Yuanxian (¶ÅÔªÏ³),King Zhou Victim,Boshi Star,Stellar Gods,TRUE,TRUE,FALSE,FALSE
Wu Wenhua (ÚùÎÄ»¯),Shang,Lishi Star,Stellar Gods,TRUE,TRUE,FALSE,FALSE
Jiao Ge (½ºØª),King Zhou Victim,Zoushu Star,Stellar Gods,TRUE,TRUE,FALSE,FALSE
Huang Feibiao (»Æ·É±ë),Zhou,Hekui Star,Stellar Gods,TRUE,TRUE,FALSE,FALSE
Lady Chedi (³¹µØ·òÈË),Shang,Yuekui Star,Stellar Gods,TRUE,TRUE,FALSE,FALSE
Jiang Huanchu (½ª»¸³þ),King Zhou Victim,Diche Star,Stellar Gods,TRUE,TRUE,FALSE,FALSE
Huang Feibao (»Æ·É±ª),Zhou,Tiansi Star,Stellar Gods,FALSE,TRUE,FALSE,FALSE
Ding Ce (¶¡²ß),Shang,Dilu Star,Stellar Gods,TRUE,FALSE,FALSE,FALSE
E Chongyu (¶õ³çÓí),King Zhou Victim,Tianma Star,Stellar Gods,TRUE,TRUE,FALSE,FALSE
Li Jin (Àî½õ),Shang,Huang'en Star,Stellar Gods,TRUE,FALSE,FALSE,FALSE
Qian Bao (Ç®±£),Shang,Tianyi Star,Stellar Gods,TRUE,TRUE,FALSE,FALSE
Consort Huang (»ÆÊÏæûåú),King Zhou Victim,Dihou Star,Stellar Gods,TRUE,FALSE,FALSE,FALSE
Ji Shude (¼§ÊåµÂ),Zhou,Zhailong Star,Stellar Gods,FALSE,FALSE,FALSE,FALSE
Huang Ming (»ÆÃ÷),Zhou,Fulong Star,Stellar Gods,FALSE,FALSE,FALSE,FALSE
Lei Kai (À×¿ª),Shang,Yima Star,Stellar Gods,FALSE,FALSE,FALSE,FALSE
Wei Ben (ÎºêÚ),Zhou,Huangfan Star,Stellar Gods,TRUE,FALSE,FALSE,FALSE
Wu Qian (ÎâÇ«),Zhou,Baowei Star,Stellar Gods,FALSE,TRUE,FALSE,FALSE
Zhang Guifang (ÕÅ¹ð·¼),Shang,Diaoke Star,Stellar Gods,TRUE,FALSE,FALSE,FALSE
Feng Lin (·çÁÖ),Shang,Sangmen Star,Stellar Gods,TRUE,FALSE,FALSE,FALSE
Fei Zhong (·ÑÖÙ),Shang,Goujiao Star,Stellar Gods,TRUE,FALSE,FALSE,FALSE
You Hun (ÓÈ»ë),Shang,Juanshe Star,Stellar Gods,TRUE,FALSE,FALSE,FALSE
Peng Zun (Åí×ñ),Jie,Luohou Star,Stellar Gods,TRUE,FALSE,FALSE,FALSE
Wang Bao (Íõ±ª),Shang,Jidu Star,Stellar Gods,TRUE,FALSE,FALSE,FALSE
Ji Shukun (¼§ÊåÀ¤),Zhou,Feilian Star,Stellar Gods,FALSE,FALSE,FALSE,FALSE
Chong Houhu (³çºî»¢),Shang,Dahao Star,Stellar Gods,TRUE,FALSE,FALSE,FALSE
Yin Pobai (ÒóÆÆ°Ü),Shang,Xiaohao Star,Stellar Gods,TRUE,FALSE,FALSE,FALSE
Qiu Yin (ÇðÒý),Unclear,Guansuo Star,Stellar Gods,TRUE,TRUE,FALSE,FALSE
Long Anji (Áú°²¼ª),Shang,Langan Star,Stellar Gods,TRUE,FALSE,FALSE,FALSE
Tai Luan (Ì«ð½) ,Zhou,Pitou Star,Stellar Gods,TRUE,FALSE,FALSE,FALSE
Deng Xiu (µËÐã),Zhou,Wugui Star,Stellar Gods,FALSE,FALSE,FALSE,FALSE
Zhao Sheng (ÕÔ•N),Zhou,Yangren Star,Stellar Gods,FALSE,FALSE,FALSE,FALSE
Sun Yanhong (ËïÑæºì),Zhou,Xueguang Star,Stellar Gods,FALSE,FALSE,FALSE,FALSE
Fang Yizhen (·½ÒåÕæ),Shang,Guanfu Star,Stellar Gods,TRUE,FALSE,FALSE,FALSE
Yu Hua (Óà»¯),Jie,Guchen Star,Stellar Gods,TRUE,FALSE,FALSE,FALSE
Ji Kang (¼¾¿µ),Zhou,Tiangou Star,Stellar Gods,FALSE,FALSE,FALSE,FALSE
Wang Zuo (Íõ×ô),Shang,Bingfu Star,Stellar Gods,TRUE,FALSE,FALSE,FALSE
Zhang Feng (ÕÅ·ï),Shang,Zuangu Star,Stellar Gods,TRUE,TRUE,FALSE,FALSE
Bian Jinlong (±å½ðÁú),Shang,Sifu Star,Stellar Gods,TRUE,FALSE,FALSE,FALSE
Bai Xianzhong (°ØÏÔÖÒ),Shang,Tianbai Star,Stellar Gods,TRUE,TRUE,FALSE,FALSE
Zheng Chun (Ö£´»),Shang,Fuchen Star,Stellar Gods,TRUE,TRUE,FALSE,FALSE
Bian Ji (±å¼ª),Shang,Tiansha Star,Stellar Gods,TRUE,TRUE,FALSE,FALSE
Chen Geng (³Â¸ý),Shang,Suisha Star,Stellar Gods,TRUE,TRUE,FALSE,FALSE
Xu Fang (Ðì·¼),Shang,Suixing Star,Stellar Gods,TRUE,FALSE,FALSE,FALSE
Chao Tian (êËÌï),Zhou,Suipo Star,Stellar Gods,FALSE,FALSE,FALSE,FALSE
Ji Shuyi (¼§ÊåÒå),Zhou,Zhuhuo Star,Stellar Gods,FALSE,FALSE,FALSE,TRUE
Ma Zhong (ÂíÖÒ),Shang,Xueguang Star,Stellar Gods,TRUE,FALSE,FALSE,FALSE
Ouyang Chun (Å·Ñô´¾),Shang,Wangshen Star,Stellar Gods,TRUE,TRUE,FALSE,FALSE
Wang Hu (Íõ»¢),Shang,Yuepo Star,Stellar Gods,TRUE,TRUE,FALSE,FALSE
Lady Shiji (Ê¯í¶ÄïÄï),Jie,Yueyou Star,Stellar Gods,TRUE,TRUE,FALSE,FALSE
Chen Jizhen (³Â¼¾Õê),Shang,Siqi Star,Stellar Gods,FALSE,TRUE,FALSE,FALSE
Xu Zhong (ÐìÖÒ),Shang,Xianchi Star,Stellar Gods,FALSE,TRUE,FALSE,FALSE
Yao Zhong (Ò¦ÖÒ),Shang,Yueyan Star,Stellar Gods,FALSE,TRUE,FALSE,FALSE
Chen Wu (³ÂÎà),Shang,Yuexing Star,Stellar Gods,TRUE,TRUE,FALSE,FALSE
Gao Jineng (¸ß¼ÌÄÜ),Shang,Heisha Star,Stellar Gods,TRUE,FALSE,FALSE,FALSE
Zhang Kui (ÕÅ¿ü),Shang,Qisha Star,Stellar Gods,TRUE,FALSE,FALSE,FALSE
Yin Hong (Òóºé),Ex-Chan,Wugu Star,Stellar Gods,TRUE,FALSE,FALSE,FALSE
Yu Zhong (ÓàÖÒ),Zhou,Chusha Star,Stellar Gods,TRUE,TRUE,FALSE,FALSE
Ouyang Tianlu (Å·ÑôÌìÂ»),Shang,Tianxing Star,Stellar Gods,TRUE,TRUE,FALSE,FALSE
Chen Tong (³ÂÍ©),Shang,Tianluo Star,Stellar Gods,TRUE,TRUE,FALSE,FALSE
Ji Shuji (¼§Êå¼ª),Zhou,Diwang Star,Stellar Gods,FALSE,FALSE,FALSE,TRUE
Mei Wu (Ã·Îä),Shang,Tiankong Star,Stellar Gods,TRUE,TRUE,FALSE,FALSE
Ao Bing (°½±û),Unaligned,Huagai Star,Stellar Gods,TRUE,TRUE,FALSE,FALSE
Zhou Xin (ÖÜÐÅ),Shang,Shi'e Star,Stellar Gods,TRUE,TRUE,FALSE,FALSE
Huang Yuanji (»ÆÔª¼Ã),Shang,Chanchu Star,Stellar Gods,TRUE,TRUE,FALSE,FALSE
Gao Lanying (¸ßÀ¼Ó¢),Shang,Taohua Star,Stellar Gods,TRUE,FALSE,FALSE,FALSE
Lady Ma (ÂíÊÏ),Unaligned,Saozhou Star ,Stellar Gods,TRUE,FALSE,FALSE,FALSE
Li Gen (ÀîôÞ),Unaligned,Dahuo Star,Stellar Gods,TRUE,TRUE,FALSE,FALSE
Han Rong (º«ÈÙ),Shang,Langji Star,Stellar Gods,TRUE,FALSE,FALSE,FALSE
Lin Shan (ÁÖÉÆ),Zhou,Pima Star,Stellar Gods,TRUE,TRUE,FALSE,FALSE
Longxu Hu (ÁúÐë»¢),Chan,Jiuchou Star,Stellar Gods,TRUE,TRUE,FALSE,FALSE
Sa Jian (Èö¼á),Unknown,Sanshi Star,Stellar Gods,FALSE,FALSE,FALSE,TRUE
Sa Qiang (ÈöÇ¿),Unknown,Sanshi Star,Stellar Gods,FALSE,FALSE,FALSE,TRUE
Sa Yong (ÈöÓÂ),Unknown,Sanshi Star,Stellar Gods,FALSE,FALSE,FALSE,TRUE
Jin Cheng (½ð³É),Shang,Yincuo Star,Stellar Gods,TRUE,TRUE,FALSE,FALSE
Ma Chenglong (Âí³ÉÁú),Zhou,Yangcha Star,Stellar Gods,TRUE,TRUE,FALSE,FALSE
Gongsun Duo (¹«Ëïîì),Shang,Rensha Star,Stellar Gods,FALSE,FALSE,FALSE,FALSE
Yuan Hong (Ô¬ºé),Shang,Sifei Star,Stellar Gods,TRUE,TRUE,FALSE,FALSE
Sun He (ËïºÏ),Shang,Wuqiong Star,Stellar Gods,TRUE,TRUE,FALSE,FALSE
Mei De (Ã·µÂ),Shang,Dikong Star,Stellar Gods,TRUE,TRUE,FALSE,FALSE
Consort Yang (ÑîÊÏæûåú),King Zhou Victim,Hongyan Star,Stellar Gods,TRUE,TRUE,FALSE,FALSE
Wu Rong (ÎäÈÙ),Zhou,Liuxia Star,Stellar Gods,TRUE,TRUE,FALSE,FALSE
Zhu Sheng (Öì•N),Shang,Guasu Star,Stellar Gods,TRUE,TRUE,FALSE,FALSE
Jin Dasheng (½ð´ó•N),Shang,Tianwen Star,Stellar Gods,TRUE,TRUE,FALSE,FALSE
Dai Li (´÷Àñ),Shang,Huangwu Star,Stellar Gods,TRUE,TRUE,FALSE,FALSE
Ji Shuli (¼§ÊåÀñ),Zhou,Taishen Star,Stellar Gods,FALSE,FALSE,FALSE,TRUE
Zhu Zizhen (Öì×ÓÕæ),Shang,Fuduan Star,Stellar Gods,TRUE,TRUE,FALSE,FALSE
Yang Xian (ÑîÏÔ),Shang,Fanyin Star,Stellar Gods,TRUE,TRUE,FALSE,FALSE
Yao Shuliang (Ò¦ÊüÁ¼),Zhou,Fuyin Star,Stellar Gods,TRUE,TRUE,FALSE,FALSE
Chang Hao (³£ê»),Shang,Daozhen Star,Stellar Gods,TRUE,TRUE,FALSE,FALSE
Fang Jingyuan (·¿¾°Ôª),Unknown,Miemo Star,Stellar Gods,FALSE,FALSE,FALSE,TRUE
Peng Zushou (Åí×æÊÙ),Zhou,Suiyan Star,Stellar Gods,TRUE,TRUE,FALSE,FALSE
Wu Long (ÎâÁú),,Posui Star,Stellar Gods,TRUE,TRUE,FALSE,FALSE
Bai Lin (°ØÁÖ),Jie,Wood Jiao Mansion,28 Lunar Mansion,TRUE,FALSE,FALSE,FALSE
Yang Xin (ÑîÐÅ),Jie,Wood Xie Mansion,28 Lunar Mansion,TRUE,FALSE,FALSE,FALSE
Li Xiong (ÀîÐÛ),Jie,Wood Wolf Mansion,28 Lunar Mansion,TRUE,FALSE,FALSE,FALSE
Shen Geng (Éò¸ý),Jie,Wood An Mansion,28 Lunar Mansion,TRUE,FALSE,FALSE,FALSE
Li Hong (Àîºë),Jie,Metal Bull Mansion,28 Lunar Mansion,TRUE,FALSE,FALSE,FALSE
Zhao Baigao (ÕÔ°×¸ß),Jie,Metal Sheep Mansion,28 Lunar Mansion,TRUE,FALSE,FALSE,FALSE
Zhang Xiong (ÕÅÐÛ),Jie,Metal Dog Mansion,28 Lunar Mansion,TRUE,FALSE,FALSE,FALSE
Li Daotong (ÀîµÀÍ¨),Jie,Metal Dragon Mansion,28 Lunar Mansion,TRUE,FALSE,FALSE,FALSE
Zheng Yuan (Ö£Ôª),Jie,Earth Bat Mansion,28 Lunar Mansion,TRUE,FALSE,FALSE,FALSE
Song Geng (ËÎ¸ý),Jie,Earth Pheasant Mansion,28 Lunar Mansion,TRUE,FALSE,FALSE,FALSE
Wu Kun (ÎâÀ¤),Jie,Earth Muskdeer Mansion,28 Lunar Mansion,TRUE,FALSE,FALSE,FALSE
Gao Bing (¸ß±û),Jie,Earth Badger Mansion,28 Lunar Mansion,TRUE,FALSE,FALSE,FALSE
L¨¹ Neng (ÂÀÄÜ),Jie,Sun Horse Mansion,28 Lunar Mansion,TRUE,FALSE,FALSE,FALSE
Huang Cang (»Æ²Ö),Jie,Sun Rooster Mansion,28 Lunar Mansion,TRUE,FALSE,FALSE,FALSE
Zhou Bao (ÖÜ±¦),Jie,Sun Rat Mansion,28 Lunar Mansion,TRUE,FALSE,FALSE,FALSE
Yao Gongbo (Ò¦¹«²®),Jie,Sun Rabbit Mansion,28 Lunar Mansion,TRUE,FALSE,FALSE,FALSE
Jin Shengyang (½ðÉþÑô),Jie,Moon Crow Mansion,28 Lunar Mansion,TRUE,FALSE,FALSE,FALSE
Hou Taiyi (ºîÌ«ÒÒ),Jie,Moon Swallow Mansion,28 Lunar Mansion,TRUE,FALSE,FALSE,FALSE
Su Yuan (ËÕÔª),Jie,Moon Fox Mansion,28 Lunar Mansion,TRUE,FALSE,FALSE,FALSE
Xue Ding (Ñ¦¶¨),Jie,Moon Deer Mansion,28 Lunar Mansion,TRUE,FALSE,FALSE,FALSE
Gao Yan,10k Formation,Tian Kuixing,36 Heavenly Stars,FALSE,FALSE,FALSE,TRUE
Huang Zhen,10k Formation,Tian Gangxing,36 Heavenly Stars,FALSE,FALSE,FALSE,TRUE
Lu Chang,10k Formation,Tian Jixing,36 Heavenly Stars,FALSE,FALSE,FALSE,TRUE
Ji Bing,10k Formation,Tian Xianxing ,36 Heavenly Stars,FALSE,FALSE,FALSE,TRUE
Yao Gongxiao,10k Formation,Tian Yongxing,36 Heavenly Stars,FALSE,FALSE,FALSE,TRUE
Shi Gui,10k Formation,Tian Xiongxing ,36 Heavenly Stars,FALSE,FALSE,FALSE,TRUE
Sun Yi,10k Formation,Tian Mengxing,36 Heavenly Stars,FALSE,FALSE,FALSE,TRUE
Li Bao,10k Formation,Tian Weixing ,36 Heavenly Stars,FALSE,FALSE,FALSE,TRUE
Zhu Yi,10k Formation,Tian Yingxing,36 Heavenly Stars,FALSE,FALSE,FALSE,TRUE
Chen Kan,10k Formation,Tian Guixing,36 Heavenly Stars,FALSE,FALSE,FALSE,TRUE
Li Xian,10k Formation,Tian Fuxing,36 Heavenly Stars,FALSE,FALSE,FALSE,TRUE
Fang Bao,10k Formation,Tian Manxing,36 Heavenly Stars,FALSE,FALSE,FALSE,TRUE
Zhan Xiu,10k Formation,Tian Guxing,36 Heavenly Stars,FALSE,FALSE,FALSE,TRUE
Li Hongren,10k Formation,Tian Shangxing,36 Heavenly Stars,FALSE,FALSE,FALSE,TRUE
Wang Longmao,10k Formation,Tian Xuanxing,36 Heavenly Stars,FALSE,TRUE,TRUE,TRUE
Deng Yu,10k Formation,Tian Jianxing ,36 Heavenly Stars,FALSE,TRUE,TRUE,TRUE
Li Xin,10k Formation,Tian Anxing,36 Heavenly Stars,FALSE,FALSE,FALSE,TRUE
Xu Zhengdao,10k Formation,Tian Youxing,36 Heavenly Stars,FALSE,FALSE,FALSE,TRUE
Dian Tong,10k Formation,Tian Kongxing ,36 Heavenly Stars,FALSE,FALSE,FALSE,TRUE
Wu Xu,10k Formation,Tian Suxing,36 Heavenly Stars,FALSE,FALSE,FALSE,TRUE
L¨¹ Zicheng,10k Formation,Tian Yixing,36 Heavenly Stars,FALSE,TRUE,TRUE,TRUE
Ren Laipin,10k Formation,Tian Shaxing,36 Heavenly Stars,FALSE,FALSE,FALSE,TRUE
Gong Qing,10k Formation,Tian Weixing ,36 Heavenly Stars,FALSE,FALSE,FALSE,TRUE
Shan Baizhao,10k Formation,Tian Jiuxing ,36 Heavenly Stars,FALSE,FALSE,FALSE,TRUE
Gao Ke,10k Formation,Tian Tuixing,36 Heavenly Stars,FALSE,FALSE,FALSE,TRUE
Qi Cheng,10k Formation,Tian Shouxing,36 Heavenly Stars,FALSE,FALSE,FALSE,TRUE
Wang Hu,10k Formation,Tian Jianxing ,36 Heavenly Stars,FALSE,FALSE,FALSE,TRUE
Bu Tong,10k Formation,Tian Pingxing,36 Heavenly Stars,FALSE,TRUE,TRUE,TRUE
Yao Gong,10k Formation,Tian Zuixing,36 Heavenly Stars,FALSE,FALSE,FALSE,TRUE
Tang Tianzheng,10k Formation,Tian Sunxing,36 Heavenly Stars,FALSE,FALSE,FALSE,TRUE
Shen Li,10k Formation,Tian Baixing,36 Heavenly Stars,FALSE,FALSE,FALSE,TRUE
Wen Jie,10k Formation,Tian Laoxing,36 Heavenly Stars,FALSE,FALSE,FALSE,TRUE
Zhang Zhixiong,10k Formation,Tian Huixing,36 Heavenly Stars,FALSE,FALSE,FALSE,TRUE
Bi De,10k Formation,Tian Baoxing,36 Heavenly Stars,FALSE,FALSE,FALSE,TRUE
Liu Da,10k Formation,Tian Kuixing,36 Heavenly Stars,FALSE,FALSE,FALSE,TRUE
Cheng Sanyi,10k Formation,Tian Qiaoxing,36 Heavenly Stars,FALSE,FALSE,FALSE,TRUE
Chen Jizhen,10k Formation,Di Kuixing,72 Earthly Stars,FALSE,FALSE,FALSE,TRUE
Huang Jingyuan,10k Formation,Di Shaxing,72 Earthly Stars,FALSE,TRUE,FALSE,TRUE
Jia Cheng,10k Formation,Di Yongxing,72 Earthly Stars,FALSE,FALSE,FALSE,TRUE
Hu Baiyan,10k Formation,Di Jiexing,72 Earthly Stars,FALSE,FALSE,FALSE,TRUE
Lu Xiude,10k Formation,Di Xiongxing,72 Earthly Stars,FALSE,FALSE,FALSE,TRUE
Xu Cheng,10k Formation,Di Weixing,72 Earthly Stars,FALSE,FALSE,FALSE,TRUE
Sun Xiang,10k Formation,Di Yingxing,72 Earthly Stars,FALSE,FALSE,FALSE,TRUE
Wang Ping,10k Formation,Di Qixing,72 Earthly Stars,FALSE,FALSE,FALSE,TRUE
Bai Youhuan,10k Formation,Di Mengxing,72 Earthly Stars,FALSE,FALSE,FALSE,TRUE
Ge Gao,10k Formation,Di Wenxing,72 Earthly Stars,FALSE,FALSE,FALSE,TRUE
Kao Ge,10k Formation,Di Zhengxing,72 Earthly Stars,FALSE,TRUE,FALSE,TRUE
Li Sui,10k Formation,Di Pixing,72 Earthly Stars,FALSE,FALSE,FALSE,TRUE
Liu Heng,10k Formation,Di Hexing,72 Earthly Stars,FALSE,FALSE,FALSE,TRUE
Xia Xiang,10k Formation,Di Qiangxing,72 Earthly Stars,FALSE,FALSE,FALSE,TRUE
Yu Hui,10k Formation,Di Anxing,72 Earthly Stars,FALSE,FALSE,TRUE,TRUE
Bao Long,10k Formation,Di Zhouxing,72 Earthly Stars,FALSE,FALSE,TRUE,TRUE
Lu Zhi,10k Formation,Di Huixing,72 Earthly Stars,FALSE,FALSE,FALSE,TRUE
Huang Bingqing,10k Formation,Di Zuoxing,72 Earthly Stars,FALSE,FALSE,FALSE,TRUE
Zhang Qi,10k Formation,Di Youxing,72 Earthly Stars,FALSE,FALSE,FALSE,TRUE
Guo Si,10k Formation,Di Lingxing,72 Earthly Stars,FALSE,FALSE,FALSE,TRUE
Jin Nandao,10k Formation,Di Shouxing,72 Earthly Stars,FALSE,TRUE,TRUE,TRUE
Chen Yuan,10k Formation,Di Weixing,72 Earthly Stars,FALSE,FALSE,FALSE,TRUE
Che Kun,10k Formation,Di Huixing,72 Earthly Stars,FALSE,FALSE,FALSE,TRUE
Sang Chengdao,10k Formation,Di Baoxing,72 Earthly Stars,FALSE,FALSE,FALSE,TRUE
Zhou Geng,10k Formation,Di Moxing,72 Earthly Stars,FALSE,TRUE,FALSE,TRUE
Qi Gong,10k Formation,Di Changxing,72 Earthly Stars,FALSE,FALSE,FALSE,TRUE
Huo Zhiyuan,10k Formation,Di Kuangxing,72 Earthly Stars,FALSE,FALSE,FALSE,TRUE
Ye Zhong,10k Formation,Di Feixing,72 Earthly Stars,FALSE,TRUE,TRUE,TRUE
Gu Zong,10k Formation,Di Zouxing,72 Earthly Stars,FALSE,FALSE,FALSE,TRUE
Li Chang,10k Formation,Di Qiaoxing,72 Earthly Stars,FALSE,FALSE,FALSE,TRUE
Fang Ji,10k Formation,Di Mingxing,72 Earthly Stars,FALSE,FALSE,FALSE,TRUE
Xu Ji,10k Formation,Di Jinxing,72 Earthly Stars,FALSE,FALSE,FALSE,TRUE
Fan Huan,10k Formation,Di Tuixing,72 Earthly Stars,FALSE,FALSE,FALSE,TRUE
Zhuo Gong,10k Formation,Di Manxing,72 Earthly Stars,FALSE,FALSE,FALSE,TRUE
Kong Cheng,10k Formation,Di Suixing,72 Earthly Stars,FALSE,FALSE,FALSE,TRUE
Yao Jinxiu,10k Formation,Di Zhouxing,72 Earthly Stars,FALSE,FALSE,FALSE,TRUE
Ning Sanyi,10k Formation,Di Yinxing,72 Earthly Stars,FALSE,FALSE,FALSE,TRUE
Yu Zhi,10k Formation,Di Yixing,72 Earthly Stars,FALSE,FALSE,FALSE,TRUE
Tong Zhen,10k Formation,Di Lixing,72 Earthly Stars,FALSE,FALSE,FALSE,TRUE
Yuan Dingxiang,10k Formation,Di Junxing,72 Earthly Stars,FALSE,FALSE,FALSE,TRUE
Wang Xiang,10k Formation,Di Lexing,72 Earthly Stars,FALSE,FALSE,FALSE,TRUE
Geng Yan,10k Formation,Di Jiexing,72 Earthly Stars,FALSE,FALSE,FALSE,TRUE
Xing Sanluan,10k Formation,Di Suxing,72 Earthly Stars,FALSE,FALSE,FALSE,TRUE
Jiang Zhong,10k Formation,Di Zhenxing,72 Earthly Stars,FALSE,FALSE,FALSE,TRUE
Kong Tianzhao,10k Formation,Di Jixing,72 Earthly Stars,FALSE,TRUE,FALSE,TRUE
Li Yue,10k Formation,Di Moxing,72 Earthly Stars,FALSE,FALSE,FALSE,TRUE
Gong Qian,10k Formation,Di Yaoxing,72 Earthly Stars,FALSE,TRUE,FALSE,TRUE
Duan Qing,10k Formation,Di Youxing,72 Earthly Stars,FALSE,FALSE,FALSE,TRUE
Men Daozheng,10k Formation,Di Fuxing,72 Earthly Stars,FALSE,FALSE,FALSE,TRUE
Zu Lin,10k Formation,Di Pixing,72 Earthly Stars,FALSE,FALSE,FALSE,TRUE
Xiao Dian,10k Formation,Di Kongxing,72 Earthly Stars,FALSE,FALSE,TRUE,TRUE
Wu Siyu,10k Formation,Di Guxing,72 Earthly Stars,FALSE,FALSE,TRUE,TRUE
Kuang Yu,10k Formation,Di Quanxing,72 Earthly Stars,FALSE,FALSE,FALSE,TRUE
Cai Gong,10k Formation,Di Duanxing,72 Earthly Stars,FALSE,FALSE,FALSE,TRUE
Lan Hu,10k Formation,Di Jiaoxing,72 Earthly Stars,FALSE,FALSE,FALSE,TRUE
Song Lu,10k Formation,Di Qiuxing,72 Earthly Stars,FALSE,FALSE,FALSE,TRUE
Guan Bin,10k Formation,Di Zangxing,72 Earthly Stars,FALSE,FALSE,TRUE,TRUE
Long Cheng,10k Formation,Di Pingxing,72 Earthly Stars,FALSE,FALSE,FALSE,TRUE
Huang Wu,10k Formation,Di Sunxing,72 Earthly Stars,FALSE,FALSE,FALSE,TRUE
Kong Daoling,10k Formation,Di Nuxing,72 Earthly Stars,FALSE,FALSE,FALSE,TRUE
Zhang Huan,10k Formation,Di Chaxing,72 Earthly Stars,FALSE,FALSE,FALSE,TRUE
Li Xin,10k Formation,Di Exing,72 Earthly Stars,FALSE,FALSE,FALSE,TRUE
Xu Shan,10k Formation,Di Hunxing,72 Earthly Stars,FALSE,FALSE,FALSE,TRUE
Ge Fang,10k Formation,Di Shuxing,72 Earthly Stars,FALSE,FALSE,TRUE,TRUE
Jiao Long,10k Formation,Di Yinxing,72 Earthly Stars,FALSE,FALSE,FALSE,TRUE
Qin Xiang,10k Formation,Di Xingxing,72 Earthly Stars,FALSE,FALSE,FALSE,TRUE
Wu Yangong,10k Formation,Di Zhuangxing,72 Earthly Stars,FALSE,FALSE,FALSE,TRUE
Fan Bin,10k Formation,Di Liexing,72 Earthly Stars,FALSE,FALSE,FALSE,TRUE
Ye Jingchang,10k Formation,Di Jianxing,72 Earthly Stars,FALSE,FALSE,FALSE,TRUE
Yao Ye,10k Formation,Di Haoxing,72 Earthly Stars,FALSE,FALSE,FALSE,TRUE
Sun Ji,10k Formation,Di Zeixing,72 Earthly Stars,FALSE,FALSE,FALSE,TRUE
Chen Menggeng,10k Formation,Di Gouxing,72 Earthly Stars,FALSE,FALSE,FALSE,TRUE
Chong Yingbiao (³çÓ¦±ë),Unclear,Nine Luminaries,Dipper Mansion,TRUE,FALSE,FALSE,TRUE
Gao Xiping (¸ßÏµÆ½),10k Formation,Nine Luminaries,Dipper Mansion,FALSE,FALSE,FALSE,TRUE
Han Peng (º«Åô),10k Formation,Nine Luminaries,Dipper Mansion,FALSE,FALSE,FALSE,TRUE
Li Ji (Àî¼Ã),10k Formation,Nine Luminaries,Dipper Mansion,FALSE,FALSE,FALSE,TRUE
Wang Feng (Íõ·â),10k Formation,Nine Luminaries,Dipper Mansion,FALSE,FALSE,FALSE,TRUE
Liu Jin (Áõ½û),10k Formation,Nine Luminaries,Dipper Mansion,FALSE,FALSE,FALSE,TRUE
Wang Chu (Íõ´¢),10k Formation,Nine Luminaries,Dipper Mansion,FALSE,FALSE,FALSE,TRUE
Peng Jiuyuan (Åí¾ÅÔª),10k Formation,Nine Luminaries,Dipper Mansion,FALSE,FALSE,FALSE,TRUE
Li Sanyi (ÀîÈýÒæ),10k Formation,Nine Luminaries,Dipper Mansion,FALSE,FALSE,FALSE,TRUE
Lu Xiong (Â³ÐÛ),Shang,Star Lord of Water Virtues,Water Bureau,TRUE,FALSE,FALSE,FALSE
Yang Zhen (ÑîÕæ),Jie,Water Leopard Mansion,Water Bureau - Lunar Mansion,TRUE,FALSE,FALSE,TRUE
Fang Jiqing (·½¼ªÇå),Jie,Water Pangolin Mansion,Water Bureau - Lunar Mansion,TRUE,FALSE,FALSE,TRUE
Sun Xiang (ËïÏé),Jie,Water Ape Mansion,Water Bureau - Lunar Mansion,TRUE,FALSE,FALSE,TRUE
Hu Daoyuan (ºúµÀÔª),Jie,Water Earthworm Mansion,Water Bureau - Lunar Mansion,TRUE,FALSE,FALSE,TRUE
Yin Jiao (Òó½¼),Ex-Chan,Taisui Lord of the Year,Taisui Mansion,TRUE,FALSE,FALSE,FALSE
Yang Ren (ÑîÈÎ),Chan,Jiazi Taisui,Taisui Mansion,TRUE,FALSE,FALSE,FALSE
Wen Liang (ÎÂÁ¼),Shang,Day Patrol God,Taisui Mansion,TRUE,TRUE,FALSE,FALSE
Qiao Kun (ÇÇÀ¤),Chan,Night Patrol God,Taisui Mansion,TRUE,TRUE,FALSE,FALSE
Han Dulong (º«¶¾Áú),Chan,God of Increasing Fortune,Taisui Mansion,TRUE,FALSE,FALSE,FALSE
Xue E'hu (Ñ¦¶ñ»¢),Chan,God of Decreasing Fortune,Taisui Mansion,TRUE,FALSE,FALSE,FALSE
Fang Bi (·½åö),Zhou,God of Manifesting Path,Taisui Mansion,TRUE,FALSE,FALSE,FALSE
Fang Xiang (·½Ïà),Zhou,God of Opening Path,Taisui Mansion,TRUE,FALSE,FALSE,FALSE
Li Bing (Àî±û),10k Formation,God of the Year,Taisui Mansion,FALSE,FALSE,FALSE,TRUE
Huang Chengyi (»Æ³ÐÒÒ),10k Formation,God of the Month,Taisui Mansion,FALSE,FALSE,FALSE,TRUE
Zhou Deng (ÖÜµÇ),10k Formation,God of the Day,Taisui Mansion,FALSE,FALSE,FALSE,TRUE
Liu Hong (Áõºé),10k Formation,God of the Hour,Taisui Mansion,FALSE,FALSE,FALSE,TRUE
Wang Mo (ÍõÄ§),Jie,Guardian of Lingxiao Palace,Four Holy Grand Marshals,TRUE,FALSE,FALSE,FALSE
Yang Sen (ÑîÉ­),Jie,Guardian of Lingxiao Palace,Four Holy Grand Marshals,TRUE,FALSE,FALSE,FALSE
Gao Tiqian (¸ßÌåÇ¬),Jie,Guardian of Lingxiao Palace,Four Holy Grand Marshals,TRUE,FALSE,FALSE,FALSE
Li Xingba (ÀîÐË°Ô),Jie,Guardian of Lingxiao Palace,Four Holy Grand Marshals,TRUE,FALSE,FALSE,FALSE
Zhao Gongming (ÕÔ¹«Ã÷),Jie,Zhengyi Dragon-Tiger True Sage of the Black Altar,Golden Dragon Ruyi Gods,TRUE,FALSE,FALSE,FALSE
Xiao Sheng (Ïô•N),Chan,Heavenly Venerable of Treasure-Summoning,Golden Dragon Ruyi Gods,TRUE,FALSE,FALSE,FALSE
Cao Bao (²Ü±¦),Chan,Heavenly Venerable of Preciousness-Collecting,Golden Dragon Ruyi Gods,TRUE,FALSE,FALSE,FALSE
Chen Jiugong (³Â¾Å¹«),Jie,Wealth-Attracting Emissary,Golden Dragon Ruyi Gods,TRUE,TRUE,FALSE,FALSE
Yao Shaosi (Ò¦ÉÙË¾),Jie,Market-Beneficient Immortal Official,Golden Dragon Ruyi Gods,TRUE,TRUE,FALSE,FALSE
Mo Liqing (Ä§ÀñÇà),Jie,Virudhaka,Four Heavenly Kings,TRUE,FALSE,FALSE,FALSE
Mo Lihong (Ä§Àñºì),Jie,Virupaksa,Four Heavenly Kings,TRUE,FALSE,FALSE,FALSE
Mo Lihai (Ä§Àñº£),Jie,Vaisravana,Four Heavenly Kings,TRUE,FALSE,FALSE,FALSE
Mo Lishou (Ä§ÀñÊÙ),Jie,Dhrtarastra,Four Heavenly Kings,TRUE,FALSE,FALSE,FALSE
Zheng Lun (Ö£Â×),Unclear,General Heng,Generals of Heng and Ha,TRUE,FALSE,FALSE,FALSE
Chen Qi (³ÂÆæ),Shang,General Ha,Generals of Heng and Ha,TRUE,FALSE,FALSE,FALSE
Yu Hualong (Óà»¯Áú),Shang,Bixia Yuanjun,Pox Gods,TRUE,FALSE,FALSE,FALSE
Lady Jin (½ðÊÏ),Unknown,House-Protecting Holy Mother,Pox Gods,FALSE,FALSE,FALSE,TRUE
Yu Da (Óà´ï),Shang,Pox God of the East,Pox Gods,TRUE,FALSE,FALSE,FALSE
Yu Zhao (ÓàÕ×),Shang,Pox God of the West,Pox Gods,TRUE,FALSE,FALSE,FALSE
Yu Guang (Óà¹â),Shang,Pox God of the South,Pox Gods,TRUE,FALSE,FALSE,FALSE
Yu Xian (ÓàÏÈ),Shang,Pox God of the North,Pox Gods,TRUE,FALSE,FALSE,FALSE
Yu De (ÓàµÂ),Shang,Pox God of the Center,Pox Gods,TRUE,FALSE,FALSE,FALSE
Lady Yunxiao (ÔÆÏöÄïÄï),Jie,Celestial Ladies of Sensitivity and Harmony,Celestial Ladies of Sensitivity and Harmony,TRUE,FALSE,FALSE,FALSE
Lady Bixiao (±ÌÏöÄïÄï),Jie,Celestial Ladies of Sensitivity and Harmony,Celestial Ladies of Sensitivity and Harmony,TRUE,FALSE,FALSE,FALSE
Lady Qiongxiao (ÇíÏöÄïÄï),Jie,Celestial Ladies of Sensitivity and Harmony,Celestial Ladies of Sensitivity and Harmony,TRUE,FALSE,FALSE,FALSE
Shen Gongbao (Éê¹«±ª),Unclear,Water-Dividing General of the East Sea,Water-Dividing General of the East Sea,TRUE,FALSE,FALSE,FALSE
Fei Lian (·ÉÁ®),Unclear,God of Ice Dissolution,God of Ice Dissolution,TRUE,FALSE,FALSE,FALSE
E Lai (¶ñÀ´),Unclear,God of Ice Dissolutio ,God of Ice Dissolution,TRUE,FALSE,FALSE,FALSE
Colored Cloud Immortal (²ÊÔÆÏÉ×Ó),Jie,N/A,N/A,TRUE,FALSE,TRUE,FALSE
Gao Ming (¸ßÃ÷),Shang,Shenshu ,N/A,TRUE,FALSE,TRUE,FALSE
Gao Jue (¸ß¾õ),Shang,Yulei,N/A,TRUE,FALSE,TRUE,FALSE
